timestamp,vm_id,cpu_utilization,memory_utilization,latency_ms,network_throughput_mbps,status
2025-11-08 23:44:44.815144,7,92.64889579806012,43.08138644964519,147.12749627538966,138.51675423224432,Running
2025-11-08 23:44:54.815154,20,71.60225076312793,68.70325006615977,67.28502207488584,241.62294214413978,Crashed
2025-11-08 23:45:04.815158,15,82.77229056780304,55.30223607319691,132.82386142587222,647.5019248318753,Running
2025-11-08 23:45:14.815160,11,85.0151528983131,37.936572667519826,88.95010458962426,94.88336639824888,Running
2025-11-08 23:45:24.815162,8,82.88605728229888,84.03433807418314,135.4000222624433,463.60801290719013,Running
2025-11-08 23:45:34.815165,7,51.95686062852059,71.47331145657927,35.80667039262896,559.4636208134938,Running
2025-11-08 23:45:44.815167,19,36.69323131782729,70.99103138672888,37.51509018572296,561.8237974446089,Running
2025-11-08 23:45:54.815169,11,49.74887014656889,79.35503255470044,40.16787869965125,69.49288957783573,Crashed
2025-11-08 23:46:04.815171,11,86.89226815825825,61.77970071930486,235.25584902207623,323.7918035948077,Running
2025-11-08 23:46:14.815173,4,30.99536162690191,78.90326570414743,184.56023499362874,591.0170533917809,Crashed
2025-11-08 23:46:24.815176,8,58.49946265192947,59.88544521066034,44.78356419226862,176.64977572685694,Running
2025-11-08 23:46:34.815178,3,37.49210543183959,34.030523994942605,51.145525522572356,641.1033010788452,Running
2025-11-08 23:46:44.815180,2,63.59790629200867,54.314885281661326,184.0532213433647,684.0364274916234,Running
2025-11-08 23:46:54.815182,12,84.73538914917529,59.84789363879344,43.260141974082615,884.6738118792235,Running
2025-11-08 23:47:04.815184,6,86.02699764788126,73.21215489793775,62.46751686703303,228.365695627948,Idle
2025-11-08 23:47:14.815186,2,37.751389526155904,36.39472380772046,241.01997404099777,751.361067516198,Running
2025-11-08 23:47:24.815188,1,88.07702797614097,38.40111231962694,67.5500985584658,492.2520903808559,Idle
2025-11-08 23:47:34.815190,12,64.39165541159633,45.821028158076984,167.09992584093095,367.4432067225474,Running
2025-11-08 23:47:44.815193,12,46.26636850252352,45.98990360225294,244.76466541312996,154.02024372640125,Running
2025-11-08 23:47:54.815195,17,73.11358966873999,73.93107470754374,96.7027079492492,675.179765514407,Running
2025-11-08 23:48:04.815197,10,56.12502409730865,45.04383963369587,9.291417761205249,250.47895927213403,Running
2025-11-08 23:48:14.815199,16,48.349069259169084,67.98588380144685,64.81608615348169,365.7087015920889,Running
2025-11-08 23:48:24.815201,15,72.88132732224949,59.65643100829628,208.56491187871785,103.16089286276318,Idle
2025-11-08 23:48:34.815203,15,38.654311582271596,64.39766269076404,216.829164808984,731.1618784465911,Running
2025-11-08 23:48:44.815205,19,44.76893967643239,80.28641779069775,193.28724430832884,701.6002453758969,Running
2025-11-08 23:48:54.815207,12,52.58388833662035,54.26289009294146,32.71190567376039,673.5734555359655,Running
2025-11-08 23:49:04.815209,20,39.0261630404854,76.25468262385623,199.90004106561878,304.52698391810367,Crashed
2025-11-08 23:49:14.815212,3,50.39015650860628,55.32216357304124,230.07606026340855,197.45806312606365,Running
2025-11-08 23:49:24.815214,5,62.8604768903758,51.23228259367497,152.14933792382786,591.9202747996953,Idle
2025-11-08 23:49:34.815216,19,75.57303956830012,87.51763063879324,235.51446230282588,471.74142649623656,Running
2025-11-08 23:49:44.815218,7,77.53961398314289,41.06225524073779,207.57552650940997,201.51459686894535,Running
2025-11-08 23:49:54.815221,9,81.709276390752,35.420217634656474,168.40802166277228,633.0245803923841,Running
2025-11-08 23:50:04.815223,7,75.81587427074734,76.25915553212872,146.4103829943783,892.4574670481081,Running
2025-11-08 23:50:14.815225,18,71.07795703226817,34.094982321245496,90.40054847428277,685.1366495807321,Running
2025-11-08 23:50:24.815227,4,37.81298534693525,80.22473944218177,44.025424084487256,678.9884286827701,Running
2025-11-08 23:50:34.815229,14,50.01671696540186,56.231603781434615,153.21371105918251,857.765839991003,Running
2025-11-08 23:50:44.815231,18,55.828616816017075,84.93082063751484,82.93733063643927,222.49591243866686,Running
2025-11-08 23:50:54.815233,9,26.216849127001566,73.29197166731433,217.27747354427314,530.7174701832243,Running
2025-11-08 23:51:04.815235,2,59.627759097290685,66.62428002047746,248.36754965286397,882.699707778801,Idle
2025-11-08 23:51:14.815237,20,52.725187370491696,86.95840782346593,189.34480184081528,190.49999432464836,Running
2025-11-08 23:51:24.815254,15,80.15819367700506,53.79896238312325,27.168015345327433,645.2141655278429,Idle
2025-11-08 23:51:34.815257,7,93.34255015657031,87.24521619237798,75.72797090500633,547.9386240761166,Running
2025-11-08 23:51:44.815259,12,61.70037789819384,38.100076645272416,31.731859782608684,548.5072283604009,Running
2025-11-08 23:51:54.815261,8,44.201479120818775,59.02529651594477,164.37535370897035,643.0200333920639,Running
2025-11-08 23:52:04.815263,15,23.25505874736296,46.19467334353169,192.47176181616723,840.1743844443316,Running
2025-11-08 23:52:14.815265,3,89.3482497667697,62.39056673449161,231.79033356577438,715.1946488736372,Running
2025-11-08 23:52:24.815267,14,88.93367864589946,39.720832673495075,112.35222487093698,97.7156879037785,Running
2025-11-08 23:52:34.815269,17,38.97426259919308,80.4917796186026,225.83703414916886,774.8188168943545,Running
2025-11-08 23:52:44.815271,4,72.15583423299856,80.78447095887344,220.08333396512523,241.71013043687273,Running
2025-11-08 23:52:54.815273,18,25.657591031732693,87.31417876340873,82.71295060752266,370.3770400259162,Running
2025-11-08 23:53:04.815276,8,32.46615739319397,39.28032845299417,217.8806532574399,442.47289157052484,Running
2025-11-08 23:53:14.815278,4,36.26068299398684,67.39995305429944,97.03970171102299,458.7701006401092,Running
2025-11-08 23:53:24.815280,2,42.087046012957245,58.45423852202218,77.73297226726879,419.90333936705326,Running
2025-11-08 23:53:34.815282,6,94.6873531272028,50.66302392265399,164.0232914046263,846.7503000834848,Crashed
2025-11-08 23:53:44.815284,10,72.26937918978611,51.09240966805313,85.45340083184486,650.1161565144209,Idle
2025-11-08 23:53:54.815286,4,48.81513735344149,54.76761303640514,159.40114334064032,586.4950490632004,Running
2025-11-08 23:54:04.815288,18,75.28255293822644,72.29553298133717,154.40879234718017,92.36572361550031,Running
2025-11-08 23:54:14.815290,12,88.64407562518298,65.89716349608928,143.0425372003724,818.3263307213185,Running
2025-11-08 23:54:24.815292,2,91.90268055558846,57.58089076566787,98.20282753703543,822.9816632071368,Running
2025-11-08 23:54:34.815295,10,24.339792331828054,34.556004622177326,139.3824318046118,713.181103915587,Running
2025-11-08 23:54:44.815297,4,49.58913489560974,34.665920644737426,151.1389413714283,55.97482324157628,Running
2025-11-08 23:54:54.815299,14,28.00670494519133,30.140363437546696,138.69328768139098,98.68821341597985,Running
2025-11-08 23:55:04.815301,16,45.17450485977224,88.06196329242519,113.88276592404438,241.44014692821628,Running
2025-11-08 23:55:14.815303,15,32.72599279216742,30.315229113503094,8.593428976334634,161.6469969231707,Running
2025-11-08 23:55:24.815305,8,68.51362712515429,36.185624760824695,148.83011838678198,389.01062524817,Running
2025-11-08 23:55:34.815307,14,49.12012879924041,48.875793408564654,46.26887435996631,834.2295993746212,Idle
2025-11-08 23:55:44.815309,8,37.20460592787123,78.44581510900568,162.43111239206146,451.25136906744854,Running
2025-11-08 23:55:54.815311,16,39.94534437231792,87.72592714584707,191.03936034110217,61.39223246734077,Running
2025-11-08 23:56:04.815314,13,47.02588214039512,77.40081352751136,127.60910073703167,290.3338361419477,Idle
2025-11-08 23:56:14.815316,18,39.4962397140697,71.43361394673843,137.8790979200359,87.9056721170173,Running
2025-11-08 23:56:24.815318,15,53.99306351216233,61.27804004481416,238.11224711816783,80.84447922147683,Running
2025-11-08 23:56:34.815320,13,22.423696333223784,35.20231271173102,212.55600353628068,284.36187513121945,Running
2025-11-08 23:56:44.815322,9,40.98226303767093,87.49024758023583,228.98794640811013,284.2704878771036,Running
2025-11-08 23:56:54.815324,15,50.84050406541397,75.50354483674089,204.37274063829867,719.0576122113634,Idle
2025-11-08 23:57:04.815326,13,65.20864115174739,68.33696312005571,31.684993752449202,878.6094548639452,Running
2025-11-08 23:57:14.815328,1,40.32182318863474,75.54215073233098,41.5030047126977,365.52602980649857,Crashed
2025-11-08 23:57:24.815330,7,29.988884391781227,73.44619975638832,134.0228303308951,414.5538470318828,Running
2025-11-08 23:57:34.815332,9,25.715028469937238,68.23389478736921,65.28706640550956,768.0710208431182,Running
2025-11-08 23:57:44.815335,1,90.53988703515375,88.83460801079929,121.79039138508399,277.91816708118637,Running
2025-11-08 23:57:54.815337,12,51.247929330385944,84.2018287581615,101.6195043354958,182.92453374293075,Running
2025-11-08 23:58:04.815339,8,63.58719658856197,68.7998951470298,139.60648841546106,775.1261798931029,Running
2025-11-08 23:58:14.815341,11,88.93824138766696,71.59051268741548,187.98455045327657,89.52549847405567,Running
2025-11-08 23:58:24.815343,19,26.20613150264796,33.0957483995226,180.29527223932223,576.7445241695034,Running
2025-11-08 23:58:34.815345,17,85.74961144443445,70.19504787300235,132.70236245890692,527.6939203467857,Running
2025-11-08 23:58:44.815347,8,61.36909044080525,32.64992626260601,206.48638761017924,344.03238037644013,Crashed
2025-11-08 23:58:54.815349,3,32.36256958527507,65.29582541819586,110.56121242681817,317.91109293275514,Running
2025-11-08 23:59:04.815351,3,50.84413374390268,89.96120997395009,224.69500101082997,706.0790672543781,Running
2025-11-08 23:59:14.815353,1,78.32017128014192,63.34839488623078,22.463666163515157,123.4609191481645,Running
2025-11-08 23:59:24.815355,5,56.0277561399766,58.392607084880005,238.89170735816032,251.26666291467757,Idle
2025-11-08 23:59:34.815358,10,93.89645379991282,48.77129139033525,165.3998049506803,672.5814220623763,Running
2025-11-08 23:59:44.815360,7,48.255422745345555,37.23135472718786,98.1182546896153,516.0724961674606,Idle
2025-11-08 23:59:54.815362,9,76.21837249820541,73.8614202874969,53.30276101035495,158.78997725354844,Running
2025-11-09 00:00:04.815364,7,49.47420867341444,41.55594166713783,122.39989121368198,799.8152721397511,Running
2025-11-09 00:00:14.815366,9,82.18731655298859,36.916921274837065,52.66678918039874,384.43066957905285,Running
2025-11-09 00:00:24.815368,8,62.681110187431074,55.30575958383075,45.75124389706983,753.6881190238469,Idle
2025-11-09 00:00:34.815370,12,24.7633872192501,77.72051027754584,156.25118056617868,719.5560631985524,Running
2025-11-09 00:00:44.815372,2,22.761640072699354,74.70387288721322,133.15575752253724,580.7616295009689,Running
2025-11-09 00:00:54.815375,1,30.03890891004749,33.292956878788495,169.17352847968073,470.30896160082904,Running
2025-11-09 00:01:04.815377,16,21.025397362024798,57.30862110216937,232.75343996838734,882.6182143244934,Running
2025-11-09 00:01:14.815379,5,25.651929526434675,61.34607456427014,135.40375226806484,173.2203115228445,Crashed
2025-11-09 00:01:24.815381,3,71.8785797876684,68.67279903754934,147.32835304938544,666.3823684184475,Running
2025-11-09 00:01:34.815383,12,60.07597062720973,69.01004102659368,26.958453092960816,212.51209624507067,Crashed
2025-11-09 00:01:44.815385,8,76.24330621024788,51.88183496743835,180.82076754761422,337.52363953249613,Running
2025-11-09 00:01:54.815387,3,88.48743141932322,63.64063164021084,102.97677566701827,312.39393186721594,Running
2025-11-09 00:02:04.815389,1,63.886214924410396,58.86371303064519,244.2976834723318,854.9805895779145,Running
2025-11-09 00:02:14.815392,3,74.45906330538861,83.09990139139686,206.67763382093676,872.252751120034,Running
2025-11-09 00:02:24.815394,5,76.78109015318418,61.81590795809401,133.007854926449,205.56312759951808,Running
2025-11-09 00:02:34.815396,15,48.33879119568398,56.4619297048897,35.18955027218068,68.72988625287856,Running
2025-11-09 00:02:44.815398,14,38.081362424722386,54.26912698091104,215.55686935374433,662.0068337136462,Running
2025-11-09 00:02:54.815402,3,35.37839963798937,64.34566556600794,200.9463683788853,405.2914437899117,Idle
2025-11-09 00:03:04.815405,1,38.858182963384884,78.23861876405385,50.22335673657308,125.51420832442973,Idle
2025-11-09 00:03:14.815407,5,40.60488477694316,62.304089422847255,77.34318085897597,631.1909897404862,Idle
2025-11-09 00:03:24.815409,14,35.542073675604236,69.69931050483248,199.38477824622015,513.3396990215947,Idle
2025-11-09 00:03:34.815411,7,85.86655006093942,74.2713460143915,50.38096940411537,883.4392987009401,Running
2025-11-09 00:03:44.815413,9,76.77493491291716,61.21008659272391,229.84935984698745,243.29807148217208,Running
2025-11-09 00:03:54.815415,15,23.517235084341493,55.60902339929186,109.00921917310866,393.38119487756603,Running
2025-11-09 00:04:04.815418,15,40.15043615189805,82.59992267174697,26.324545833976366,511.1639328861095,Running
2025-11-09 00:04:14.815420,10,21.663855652272623,55.05036504167353,204.85841765854883,722.944990185349,Running
2025-11-09 00:04:24.815422,13,57.36238899844197,57.71657103453526,96.50987234440497,516.5128582120499,Running
2025-11-09 00:04:34.815424,19,55.715802259176066,89.42047880050663,133.99230256767635,570.9651367326568,Running
2025-11-09 00:04:44.815426,7,82.35286175468758,30.014251414553076,32.514564380748695,242.22499385144963,Running
2025-11-09 00:04:54.815429,17,43.08329298282871,41.12837457460335,5.633083637020684,769.8809188752758,Running
2025-11-09 00:05:04.815431,20,81.22893014097968,53.03783339518354,161.30637541935792,414.3359649249044,Running
2025-11-09 00:05:14.815433,4,92.59803240798674,85.95539456551518,131.21791673176426,169.8156833935039,Running
2025-11-09 00:05:24.815435,5,26.630616752423492,34.20178234484826,150.41694943517106,614.5597273296048,Running
2025-11-09 00:05:34.815437,7,79.38633796022248,30.569126017709884,199.4672433432265,233.6768852075114,Running
2025-11-09 00:05:44.815440,13,64.24669228532271,33.161030158633714,163.41844878860073,132.9281337034048,Running
2025-11-09 00:05:54.815442,15,56.003447526385635,35.312604636817085,47.81949349270741,782.6888721436314,Idle
2025-11-09 00:06:04.815444,11,51.54018339988063,32.25580639237565,93.38926718209696,441.13792481517373,Running
2025-11-09 00:06:14.815446,4,78.85011979582322,58.78687961139029,226.9433206730013,686.8911557914099,Running
2025-11-09 00:06:24.815449,13,67.95210177306818,64.84543243363967,193.63645156166135,296.99942583540184,Idle
2025-11-09 00:06:34.815451,7,80.37835006395214,46.301218264140246,141.37607919449573,718.9246146800164,Running
2025-11-09 00:06:44.815453,19,87.73632940074697,53.897243038538136,67.63302446327171,145.14553796830077,Running
2025-11-09 00:06:54.815455,2,66.2947784072969,35.50196010668581,79.0048229495248,352.5773677256248,Running
2025-11-09 00:07:04.815457,10,93.53470438192834,50.182227829705326,184.32972655848047,881.3525452774993,Running
2025-11-09 00:07:14.815459,13,65.6065887156414,61.35115149807139,213.53769390892884,724.8912589128051,Running
2025-11-09 00:07:24.815462,6,67.7483241216712,73.93630843107871,169.49904403500054,472.6675407674849,Running
2025-11-09 00:07:34.815464,12,61.61117064066693,30.200781722578753,203.33484406326824,338.81085082760234,Idle
2025-11-09 00:07:44.815466,12,26.82515682884977,58.038645992259156,192.83075312409946,791.315345019105,Running
2025-11-09 00:07:54.815468,20,74.47977744876712,47.82017258729293,41.677472149454644,513.1205952218384,Running
2025-11-09 00:08:04.815470,11,61.058473017433364,81.16930930151409,108.86647916375898,694.6612651887444,Running
2025-11-09 00:08:14.815473,7,53.81828355620783,72.93319891405451,42.481031202997855,690.9915282687394,Running
2025-11-09 00:08:24.815475,1,88.28534588024547,65.34651206825369,62.63271827648628,65.25382678321806,Running
2025-11-09 00:08:34.815477,1,42.346958865646286,46.63593874180641,217.96860803950787,157.31571537372145,Running
2025-11-09 00:08:44.815479,20,59.27017070112584,84.62034612345207,120.85853158012962,610.6849614355309,Idle
2025-11-09 00:08:54.815481,13,72.32314036200975,32.70604063321939,136.1627349514519,187.37683959299073,Running
2025-11-09 00:09:04.815483,9,79.73538317554079,36.56805592074691,48.71926148080417,267.169342957264,Running
2025-11-09 00:09:14.815486,3,54.451010595962934,53.497808432421365,81.50658758195503,854.6422610696661,Running
2025-11-09 00:09:24.815488,7,83.15685612640323,37.46625343781138,61.41031126482813,526.1549196186751,Running
2025-11-09 00:09:34.815490,6,77.66883059865481,87.3849418535655,55.51561030701447,688.1200809494451,Running
2025-11-09 00:09:44.815492,8,24.96769833888994,77.879359328603,161.30039436241267,524.2836279652439,Running
2025-11-09 00:09:54.815494,9,23.439594980347472,45.53895909610882,67.93654267320014,519.6365725653164,Running
2025-11-09 00:10:04.815497,5,66.56042633165684,65.31325373839472,159.84379407500253,130.0291236068432,Running
2025-11-09 00:10:14.815499,1,46.05600561690606,88.9398309048049,19.321380456595705,342.1137137177376,Idle
2025-11-09 00:10:24.815501,19,35.68480933088856,83.05193868789019,39.734726414139956,290.06626388353493,Running
2025-11-09 00:10:34.815503,10,63.47374508538038,66.04790678653188,72.26236223003072,382.11911077157123,Idle
2025-11-09 00:10:44.815505,12,45.61724078424088,84.22343803051623,151.27649463944445,728.5925599906791,Running
2025-11-09 00:10:54.815507,15,60.294756253555256,89.35109458880154,170.58110504640712,366.1427677293351,Running
2025-11-09 00:11:04.815509,9,54.508936923767905,74.60116937361745,113.46565686098414,433.9422963469303,Running
2025-11-09 00:11:14.815512,20,63.85745794618653,33.89918456897364,114.2187740714211,387.77418191251905,Running
2025-11-09 00:11:24.815514,17,50.0225366682711,54.094814185529245,182.50662859266143,129.39677617900128,Running
2025-11-09 00:11:34.815516,17,72.32506802726988,80.26954411699472,8.876167482567698,424.91133451316614,Running
2025-11-09 00:11:44.815518,20,33.50504542619739,43.83415174830114,88.56705599618404,216.26788208783776,Running
2025-11-09 00:11:54.815520,12,72.23760996703092,79.83855106503748,205.58322899421202,208.71480140708525,Running
2025-11-09 00:12:04.815522,7,50.87459107681461,37.22032572209976,152.7887555022762,129.9306887691264,Running
2025-11-09 00:12:14.815524,2,85.57382036408129,32.81672142886878,87.620647525078,353.17032802050005,Idle
2025-11-09 00:12:24.815526,3,58.642704114815814,53.045436689474975,226.8535741207701,693.8596020710047,Running
2025-11-09 00:12:34.815528,17,92.98327619525783,32.203916245596815,194.29256822509873,284.97543699588664,Running
2025-11-09 00:12:44.815531,5,65.14515466557202,87.43621577899954,69.8993845729997,315.49673660268655,Running
2025-11-09 00:12:54.815533,17,36.78867994297404,79.57234174763795,163.09601019380065,596.27345902156,Idle
2025-11-09 00:13:04.815535,17,81.63429776333369,78.0461812277925,150.95892840629438,216.46469069888104,Idle
2025-11-09 00:13:14.815537,17,45.88119708667901,67.78667537976918,103.29103893955076,812.4142408600042,Running
2025-11-09 00:13:24.815539,2,46.07144108620126,42.979441382193215,94.90423940517617,492.1619447638213,Running
2025-11-09 00:13:34.815542,2,22.385351111387386,61.09562200058353,89.17231632004747,430.4624992721844,Running
2025-11-09 00:13:44.815544,5,61.15364819055565,65.83644434582047,156.20316693193348,524.1471631398213,Running
2025-11-09 00:13:54.815546,1,60.081762779939226,61.50189005161609,113.39043443776403,191.12916640376613,Running
2025-11-09 00:14:04.815548,1,46.699361320398964,45.61400207709164,208.8064627465984,571.4521678432999,Running
2025-11-09 00:14:14.815550,19,87.06629471719442,60.91487545888356,169.05264095282067,358.6356261389089,Running
2025-11-09 00:14:24.815552,2,29.656129872473294,59.47118045211759,22.133243398811363,812.6083898199261,Running
2025-11-09 00:14:34.815554,12,44.75746349826166,89.78014654840345,161.84121483790068,193.5260756760332,Idle
2025-11-09 00:14:44.815557,6,44.11870735100217,83.84616888277223,71.43112194254527,480.9934382856249,Running
2025-11-09 00:14:54.815563,4,26.921793967155956,57.802844892937195,150.23893795508855,558.3957349636653,Running
2025-11-09 00:15:04.815565,11,56.08590455422199,67.37624297610712,171.63232312034557,78.37606151842404,Running
2025-11-09 00:15:14.815567,17,71.58385378220623,74.8722962455337,61.55315134273296,359.1391560427192,Idle
2025-11-09 00:15:24.815570,6,58.37427601604459,32.0919096140295,116.93036799569032,672.7399494957078,Running
2025-11-09 00:15:34.815572,5,31.77332620371453,83.6952864736704,51.629591390671614,747.3208813316273,Idle
2025-11-09 00:15:44.815574,20,48.29644739315545,81.60760898507542,17.823024567694535,316.18769559469,Idle
2025-11-09 00:15:54.815576,2,20.194626828773494,57.44592586642244,97.72672375403792,728.8042815253385,Running
2025-11-09 00:16:04.815578,6,85.12258302766901,53.47018596482279,93.92134660226803,872.5924955378805,Running
2025-11-09 00:16:14.815580,11,26.338775576051145,46.377562491378896,248.89272022254298,778.34284566383,Idle
2025-11-09 00:16:24.815582,16,64.79585616915729,58.6006096998221,114.35632604342233,149.9973899354264,Running
2025-11-09 00:16:34.815584,16,93.96927469001113,32.662599811994205,86.7245396206891,678.7707822727095,Idle
2025-11-09 00:16:44.815587,1,60.24429844904994,81.13161200082047,147.21637664558529,321.716807574463,Idle
2025-11-09 00:16:54.815589,9,89.30313193305749,32.12534210511271,26.748011556403274,890.153591000265,Running
2025-11-09 00:17:04.815591,6,37.70873998380532,49.74308192219226,240.60810530892923,462.5551356859041,Running
2025-11-09 00:17:14.815593,16,76.99665567031892,85.89536929913939,160.56521116980312,154.06881360509988,Idle
2025-11-09 00:17:24.815595,3,59.844931548015055,74.11275927140716,189.9352658855077,666.4077158232822,Running
2025-11-09 00:17:34.815597,20,74.03870460435986,46.883457634651606,46.767094852609794,324.55951862828175,Running
2025-11-09 00:17:44.815600,4,24.67560218834311,45.158945637653105,105.32207398627496,897.5164335194124,Running
2025-11-09 00:17:54.815602,19,31.080431892967002,30.304928389081557,108.55883278206643,882.8150891763436,Running
2025-11-09 00:18:04.815604,3,29.98376964406087,71.74285757098501,206.34257875576628,607.7139153174936,Idle
2025-11-09 00:18:14.815606,19,71.53741290524982,32.92701490039038,5.302986541055313,160.35248160895992,Idle
2025-11-09 00:18:24.815608,20,83.33305044752215,61.95615116404572,78.70901154654749,633.8318480237747,Running
2025-11-09 00:18:34.815610,7,76.22121740064406,87.72731835552298,245.40291171435445,129.07591349102313,Running
2025-11-09 00:18:44.815612,20,22.285411455019563,36.56813160326723,121.34720315902356,74.95953523703346,Running
2025-11-09 00:18:54.815615,9,85.04112358060425,83.66879585808405,98.71893865978203,749.5146792882631,Idle
2025-11-09 00:19:04.815617,1,46.56100030948441,89.48852010870289,34.358105494323354,228.29000553112914,Running
2025-11-09 00:19:14.815619,8,49.787287437806185,33.6910215743541,243.67033401386382,372.1730572862328,Running
2025-11-09 00:19:24.815621,7,27.86518748993607,82.97437614824767,9.906457201826996,877.4387814797471,Running
2025-11-09 00:19:34.815623,18,75.30539045703642,60.964741226616994,185.60915512677457,336.31442658193777,Running
2025-11-09 00:19:44.815625,8,33.671290885696855,84.3908231666748,193.30695217318456,302.016314090818,Idle
2025-11-09 00:19:54.815628,1,62.29738190141273,64.27913651517444,64.69589543564732,830.4767996793589,Running
2025-11-09 00:20:04.815630,11,83.05324894084484,69.72672060639388,169.53181868519414,144.1361785211144,Running
2025-11-09 00:20:14.815632,18,26.690324653404215,62.626734479843954,27.76764037295053,695.645048597437,Running
2025-11-09 00:20:24.815634,10,60.15016730116427,81.8695728184409,67.97658027585956,889.8557316548579,Crashed
2025-11-09 00:20:34.815636,3,37.49123086623509,74.03459513722211,198.0359871316049,816.1016091584515,Running
2025-11-09 00:20:44.815638,7,45.71951482086952,61.275618730824895,216.84811704821735,603.9177309004621,Running
2025-11-09 00:20:54.815640,16,55.54774560729171,82.08964824309282,154.07917110164888,316.9516757438222,Running
2025-11-09 00:21:04.815642,16,46.632822745947855,44.717131935320076,129.17541579601823,266.1736840015692,Idle
2025-11-09 00:21:14.815645,20,68.6617130218682,39.440439582151555,44.02948505165018,746.366839140742,Running
2025-11-09 00:21:24.815647,17,55.96865763156877,39.62400631980432,20.46171310439179,797.848626858941,Running
2025-11-09 00:21:34.815649,2,63.814961353562694,50.04053272471427,33.824011976021865,496.6196756638389,Running
2025-11-09 00:21:44.815651,1,75.26168565461846,44.32140187806105,60.7025385235442,257.6889496684962,Running
2025-11-09 00:21:54.815653,16,61.8306699462828,85.80542103058431,88.7102529647456,146.00172714949753,Running
2025-11-09 00:22:04.815655,12,63.99015759955693,36.35004562971504,98.32283375019188,124.10254765705649,Idle
2025-11-09 00:22:14.815658,5,62.334390689198095,71.93944428237526,89.84883330430587,661.2158302507772,Running
2025-11-09 00:22:24.815660,5,48.4079469463467,41.35329238710035,63.56855638833007,407.1009186705662,Running
2025-11-09 00:22:34.815662,9,45.308512540393856,82.89822796622101,129.88244045416604,819.5558931361898,Running
2025-11-09 00:22:44.815664,9,87.47355478587592,87.67891729109445,207.1950965170597,678.7206056177491,Running
2025-11-09 00:22:54.815666,3,65.56664167201797,57.928200526199014,73.52736692551241,212.5713552273987,Running
2025-11-09 00:23:04.815669,19,38.32648665984909,82.7442888136879,235.88481968004712,571.7108059933441,Idle
2025-11-09 00:23:14.815671,16,57.36857733867051,30.308710245282885,218.96748212234272,420.1796362384355,Running
2025-11-09 00:23:24.815673,16,44.77613609606855,79.19681504448602,44.63223178126685,540.6622711533212,Running
2025-11-09 00:23:34.815675,3,90.0268867819906,43.71750969149541,197.63760940548815,677.3587548377395,Running
2025-11-09 00:23:44.815677,20,20.565077235055604,84.52207855616207,145.77390866785282,735.2664988532222,Running
2025-11-09 00:23:54.815679,1,36.89995982843962,30.067206688806568,143.81096373199756,767.1767274457156,Running
2025-11-09 00:24:04.815682,20,47.40176147555432,63.37090410238542,100.80547694925274,265.87864338622103,Running
2025-11-09 00:24:14.815684,11,56.585735060655345,75.39814822709607,127.78248479959238,76.44825992975403,Idle
2025-11-09 00:24:24.815686,17,83.81131383771097,45.52129984187448,102.30880047015671,678.4005248900572,Running
2025-11-09 00:24:34.815688,8,26.591571840510788,41.587971875237585,137.234491596186,140.3921673174084,Running
2025-11-09 00:24:44.815690,4,80.43986650558575,35.04589346807908,158.84776292929578,317.6816503210225,Crashed
2025-11-09 00:24:54.815692,6,24.17401170177315,49.58601459019758,170.20443257021685,53.244564005695075,Running
2025-11-09 00:25:04.815695,8,83.17355264736362,63.59065873852977,135.45789217705942,629.4190600413771,Running
2025-11-09 00:25:14.815697,20,23.872660840588463,36.95063140681546,181.74840649553926,192.06220975053807,Running
2025-11-09 00:25:24.815699,3,21.36818610712708,52.60172171920793,39.613122072498925,606.9900482379095,Running
2025-11-09 00:25:34.815701,16,72.27210967748161,30.544344279163496,56.93571027104844,892.981224592663,Running
2025-11-09 00:25:44.815703,3,94.79416510762958,79.1207652299905,205.59007599819617,111.77024086851384,Running
2025-11-09 00:25:54.815705,18,87.24576972305157,37.706923085591484,84.01935457237172,115.51631015874159,Running
2025-11-09 00:26:04.815708,14,63.1998813354245,47.0005768959349,10.608987119149461,339.3230787666737,Idle
2025-11-09 00:26:14.815710,18,88.80467098141487,31.10566312429305,42.67883166866762,786.4285371136408,Running
2025-11-09 00:26:24.815712,2,20.397500479820405,55.93444703355074,59.78553645159626,233.20038847263206,Running
2025-11-09 00:26:34.815714,3,93.13003722088568,80.40729016447312,239.54410753417386,356.3211469407954,Running
2025-11-09 00:26:44.815717,16,56.80615844440884,53.5290726867118,145.39515008805807,108.22959563293264,Running
2025-11-09 00:26:54.815719,9,74.21720724663317,40.769839405430005,233.51903141668242,698.681997570056,Running
2025-11-09 00:27:04.815721,4,81.56461048650144,75.22193004303115,145.9150208716731,397.06039134553345,Idle
2025-11-09 00:27:14.815723,1,73.88429531274153,77.32841891224466,122.44183783377369,695.3614231017165,Idle
2025-11-09 00:27:24.815760,4,60.12775490336829,40.425208518454006,81.86328434255353,818.0666676947758,Running
2025-11-09 00:27:34.815763,1,55.7464613094809,76.25124651245939,153.56088138617702,247.84867503609544,Idle
2025-11-09 00:27:44.815765,14,82.89369190269686,86.83787329538028,39.10351603129481,736.2866257889586,Running
2025-11-09 00:27:54.815768,16,35.38081701120943,39.98265521593634,225.07409868671297,100.2298065665153,Running
2025-11-09 00:28:04.815770,20,92.59955498781757,76.25905755192812,208.1864392596145,814.0202799532102,Running
2025-11-09 00:28:14.815772,8,73.32143591275613,72.51432027615776,82.79520472980057,603.1532654249353,Idle
2025-11-09 00:28:24.815774,7,34.963019550373986,58.41443330610531,238.43539426231712,793.0927155175988,Running
2025-11-09 00:28:34.815777,3,75.21853877738661,33.4752276335279,207.17418801681418,50.160139623094615,Running
2025-11-09 00:28:44.815779,17,59.73800173858375,34.48166506547124,168.24518702958474,193.71890980259363,Idle
2025-11-09 00:28:54.815781,1,73.04225717333334,81.14487955191886,34.831668225692326,381.29547931251824,Running
2025-11-09 00:29:04.815786,16,77.58346260821291,89.40890236503881,122.1673356467777,372.5774678685108,Running
2025-11-09 00:29:14.815788,12,26.54676346922566,70.56313543120527,128.99635093745394,242.72082548498406,Running
2025-11-09 00:29:24.815790,19,57.957796726951024,56.757498420619285,61.97508279951813,374.3701488871201,Running
2025-11-09 00:29:34.815793,14,89.90107566927006,68.85441860411446,24.591521618028978,159.5214052002166,Running
2025-11-09 00:29:44.815795,6,44.04816441196357,65.66375155371273,195.29728946556472,400.8469598761221,Running
2025-11-09 00:29:54.815797,6,64.54123231684241,53.01673562433731,34.89858777047678,732.0011797853746,Running
2025-11-09 00:30:04.815800,13,47.692286113242204,33.937568674440776,150.6012338876348,457.2095536378485,Idle
2025-11-09 00:30:14.815802,19,54.07009791643247,79.29077684444646,234.43004760149682,65.30007560343273,Running
2025-11-09 00:30:24.815804,8,61.14523384536149,52.310011754323476,219.64577218652042,408.2274353423603,Running
2025-11-09 00:30:34.815806,2,61.1691484916733,79.12713860142563,73.04939281856898,73.09876367721753,Running
2025-11-09 00:30:44.815808,1,35.12978467476769,45.15052498130294,213.60491620006,871.3068991007784,Running
2025-11-09 00:30:54.815811,15,71.3428660909875,30.061768790738004,5.0814639995199045,158.33586550943863,Running
2025-11-09 00:31:04.815813,1,26.59010834319926,39.53629699660539,9.33351335524802,651.5350773810259,Running
2025-11-09 00:31:14.815815,5,30.411858008151526,58.11236500611506,152.62552514150192,876.859874458273,Running
2025-11-09 00:31:24.815817,16,20.203317456074725,86.65821809746978,94.37556369040972,752.1331939165862,Running
2025-11-09 00:31:34.815819,19,28.752204810626097,36.13161718162314,99.68290608399104,644.4180688572732,Running
2025-11-09 00:31:44.815822,4,55.487465078891915,81.25258646769396,143.2880672163262,763.5417730756519,Running
2025-11-09 00:31:54.815824,3,65.4576410791879,61.62144577271172,51.98670162000584,884.5288892715334,Running
2025-11-09 00:32:04.815826,17,79.57170874748468,79.5552459479938,56.88006091304219,578.1428226655001,Running
2025-11-09 00:32:14.815828,17,28.002443758507702,47.902465859399555,123.72738881962185,525.3070858049275,Running
2025-11-09 00:32:24.815831,12,83.80455950123411,80.39682988034832,189.79211836424645,584.0023938937892,Running
2025-11-09 00:32:34.815833,14,75.94808941615386,76.36936680100827,156.776949094859,502.7745037473217,Running
2025-11-09 00:32:44.815835,6,50.63887197019377,43.803220981886035,77.85198681802552,589.825740023261,Idle
2025-11-09 00:32:54.815837,3,89.9703550324966,37.88010758456268,110.43260848968569,432.36587677667535,Running
2025-11-09 00:33:04.815840,9,94.3197107343043,82.08325935193757,46.81286584474961,235.67670545081103,Running
2025-11-09 00:33:14.815842,5,35.375135753992794,87.79419920640791,23.28430451258502,152.21014253492427,Idle
2025-11-09 00:33:24.815844,17,48.44214387228503,31.878138824850975,196.76052998231657,108.08979520242133,Running
2025-11-09 00:33:34.815846,14,89.48370676922833,73.87620401842113,70.01991525110768,273.8184161902201,Running
2025-11-09 00:33:44.815848,3,74.11974130634579,84.57147065686911,48.552765023555814,89.20502968537376,Running
2025-11-09 00:33:54.815850,1,23.607098297306578,81.44160552554992,174.44642361448322,532.0951629314777,Running
2025-11-09 00:34:04.815853,20,78.61358613135612,87.87122833621251,156.42266020036058,291.25417996999226,Idle
2025-11-09 00:34:14.815855,1,82.09556653831189,75.60564470628583,160.1314583732987,750.8545868739774,Running
2025-11-09 00:34:24.815857,3,76.2876443573985,56.53792574285461,61.07917818742033,113.10474204012849,Idle
2025-11-09 00:34:34.815859,18,79.96528481896368,48.71711942970783,61.99815694785684,242.39877019026304,Running
2025-11-09 00:34:44.815862,10,81.88495075195979,49.244564426287646,59.09664429748159,670.709225026624,Running
2025-11-09 00:34:54.815864,3,33.980374009110804,73.46536035684701,47.569385937262155,558.9870519259678,Running
2025-11-09 00:35:04.815866,8,37.67688095487498,74.75022072185786,165.6522997776058,104.8175805617924,Running
2025-11-09 00:35:14.815868,14,67.53189227901329,42.02154861292276,212.76389188610335,795.6535385878703,Running
2025-11-09 00:35:24.815870,18,88.0899597846887,82.08736880943187,182.457780070782,795.6724984022526,Crashed
2025-11-09 00:35:34.815873,15,43.71474367223709,72.89544241213486,199.06294027133308,330.8468032944078,Running
2025-11-09 00:35:44.815875,2,64.12300068462926,63.76501718060296,104.17561512587395,339.34496684712997,Running
2025-11-09 00:35:54.815877,10,71.22365475628493,58.291947606150764,165.24856986613955,890.6741045976478,Running
2025-11-09 00:36:04.815879,2,53.89614509742794,62.593968347397485,91.78787890896976,582.2497458541675,Running
2025-11-09 00:36:14.815881,17,73.53368411414945,39.55474429675587,133.7486323823168,501.61904248285026,Running
2025-11-09 00:36:24.815884,8,87.47505839691298,42.22207495657645,123.00053740104127,762.4293560191358,Running
2025-11-09 00:36:34.815886,1,66.80761581363782,35.4698694243715,48.337350560244325,292.496787603719,Running
2025-11-09 00:36:44.815888,9,60.48357964359748,39.21948228966676,99.83429628222954,414.80520438690337,Running
2025-11-09 00:36:54.815890,11,52.90585065412543,57.22161807631696,241.13645749317598,277.610174165084,Running
2025-11-09 00:37:04.815893,16,63.311470317959426,61.821263623695366,65.90216314016081,720.7867196004217,Idle
2025-11-09 00:37:14.815895,7,46.65218388637969,31.07171354869916,37.78191538847474,537.3469437899353,Idle
2025-11-09 00:37:24.815897,10,49.36115826511264,77.80786967184164,107.55225229786414,610.00130961906,Running
2025-11-09 00:37:34.815899,3,59.88931097661305,47.65007840060868,198.6327452857363,264.46116236349553,Running
2025-11-09 00:37:44.815901,18,24.996433429311274,84.71016209759466,147.6263162960932,237.19150617071784,Crashed
2025-11-09 00:37:54.815904,13,37.17690431935972,88.05067581682667,171.83883267336992,465.1184346354979,Running
2025-11-09 00:38:04.815906,7,60.71369829600567,41.12753248059926,51.47523780279591,676.9308867289028,Idle
2025-11-09 00:38:14.815908,4,52.36461073523319,57.72583744593964,156.64230728689176,496.45379389213616,Running
2025-11-09 00:38:24.815910,13,44.961183943436325,30.073910109985555,84.25759675331106,77.74882591381831,Running
2025-11-09 00:38:34.815912,20,74.7911852606976,65.89963590734561,209.40432465891803,788.2687803722455,Idle
2025-11-09 00:38:44.815915,1,72.02882055525038,66.43838689576027,159.17820747263036,104.98385948786184,Idle
2025-11-09 00:38:54.815917,8,32.504806999503735,44.85239733620251,53.7197880549475,862.4508111626394,Running
2025-11-09 00:39:04.815919,14,85.89718365300787,63.50476035499187,20.831086561801108,71.37066453568181,Running
2025-11-09 00:39:14.815921,16,57.15677198029742,43.532408546624126,15.445136275323021,640.2828877111025,Running
2025-11-09 00:39:24.815924,14,75.6095683354284,39.6495281446914,95.99509907428448,119.87600415501441,Running
2025-11-09 00:39:34.815926,12,62.98631369430415,69.09116800813588,70.13352848030681,824.0750925198687,Running
2025-11-09 00:39:44.815928,19,94.82694619428824,49.555527837124494,163.29208024831448,444.76825079171135,Running
2025-11-09 00:39:54.815930,15,76.4302340029117,65.41583633313735,127.33678956976148,166.8952085944631,Idle
2025-11-09 00:40:04.815932,2,73.02353459325943,55.99480493829934,70.17472311131827,339.69334482136964,Running
2025-11-09 00:40:14.815935,2,78.39289542880633,89.06108444417424,41.56325559779315,190.10097404474774,Running
2025-11-09 00:40:24.815937,19,30.73459891613522,38.974838560053946,36.16394185842515,194.99462482352652,Running
2025-11-09 00:40:34.815939,17,35.340844487709745,57.87591579814861,216.84179607440234,855.8920721457258,Running
2025-11-09 00:40:44.815941,20,73.55480616677107,70.82739758155952,64.65210225919247,428.4591954420699,Running
2025-11-09 00:40:54.815943,10,57.0486115348147,53.73270503279812,164.66910873818725,720.4819243195557,Running
2025-11-09 00:41:04.815946,6,76.59764688950875,88.48199111224139,203.61805235663525,593.6647270010296,Running
2025-11-09 00:41:14.815948,15,27.718702305810876,73.3132576756161,155.44992124026035,624.9624079876335,Idle
2025-11-09 00:41:24.815950,11,60.23610136134461,69.4190314538696,215.59348175350172,161.93942270123273,Crashed
2025-11-09 00:41:34.815952,5,48.41161741676868,75.42355605667339,101.13646177447626,249.05677979316283,Running
2025-11-09 00:41:44.815954,1,54.275016446125875,87.15891828232301,239.27443670899234,718.7377848812714,Idle
2025-11-09 00:41:54.815957,8,65.29684040543845,84.4691191790784,37.62052602363375,875.1512755035656,Running
2025-11-09 00:42:04.815959,12,57.671626059689764,73.45711848758472,30.026634766096834,273.27429620885397,Running
2025-11-09 00:42:14.815961,12,60.489547783462754,74.94969834607699,166.37957582082367,280.8334500383839,Running
2025-11-09 00:42:24.815963,5,56.47681114967058,38.75532444210873,235.99362964624913,451.9625628892691,Running
2025-11-09 00:42:34.815965,7,50.67163828141199,36.16754426955994,203.1764481009004,886.2642659271221,Running
2025-11-09 00:42:44.815968,4,77.89114854486837,64.25427011064986,23.7221305623226,278.61510395250036,Idle
2025-11-09 00:42:54.815970,6,20.915230423853338,31.1020582164324,73.44508991400551,395.9261231891243,Running
2025-11-09 00:43:04.815972,13,64.88320259039202,58.94138289309549,232.92812678526678,807.7580132799808,Idle
2025-11-09 00:43:14.815977,20,62.41312604922304,42.62097479513211,66.99931603619221,52.4828777281577,Running
2025-11-09 00:43:24.815979,15,73.71343060497142,50.76099405869037,196.38675382779522,83.8010702402841,Running
2025-11-09 00:43:34.815981,3,64.9272023582995,76.54828414757736,207.15738800253243,563.4609255105363,Crashed
2025-11-09 00:43:44.815982,8,82.00991208568087,86.47425025394318,126.38576534794053,821.2731400059199,Running
2025-11-09 00:43:54.815984,20,91.93060959230208,34.34497632878049,99.6554829128373,253.0281613416385,Running
2025-11-09 00:44:04.815986,16,45.689319288390756,62.054532358586705,115.28048594284111,449.1955084786027,Running
2025-11-09 00:44:14.815988,13,37.05132372724903,82.952009149176,60.60635011951422,432.8955064091455,Running
2025-11-09 00:44:24.815990,18,51.769764681536216,34.950512066425276,222.90077445156683,452.0256441811836,Running
2025-11-09 00:44:34.815992,10,41.59472123567946,79.47084281381004,115.40181589879069,579.1417413702834,Running
2025-11-09 00:44:44.815994,19,66.12126973644908,51.46808105569628,221.20256291174445,449.2821985420812,Running
2025-11-09 00:44:54.815996,17,88.38893066322235,49.32568213316012,30.89490257703715,430.34792012408917,Crashed
2025-11-09 00:45:04.815999,19,30.43371456072964,88.64798317888715,247.12744139503218,453.1451573665714,Running
2025-11-09 00:45:14.816001,5,27.559595226191487,42.05154539173765,113.60190642368647,552.2373250803853,Running
2025-11-09 00:45:24.816003,9,39.20116488902467,71.59163644936086,16.71855099655584,506.4563650986546,Running
2025-11-09 00:45:34.816005,12,74.45716895468006,79.28644368059199,14.315352818176454,776.0155980029286,Idle
2025-11-09 00:45:44.816007,1,64.47221789441161,32.4710097167563,187.82077808305044,92.07232546961663,Running
2025-11-09 00:45:54.816010,1,27.66594981688997,70.22312750126474,166.4637058799018,758.3195107520606,Running
2025-11-09 00:46:04.816012,15,88.90628916955599,87.09299846131961,201.52198674125893,767.3359207199654,Running
2025-11-09 00:46:14.816014,2,79.25634778430651,37.45319800368356,30.81504581843746,292.1718183013167,Running
2025-11-09 00:46:24.816016,16,21.726695359072814,83.7732781611023,13.714862423709345,443.424161763473,Idle
2025-11-09 00:46:34.816018,8,68.85254082411845,65.68659824261616,129.6019259146567,422.7577152568202,Running
2025-11-09 00:46:44.816021,13,77.84350013898035,66.99627491174844,99.96083171327854,235.73335920101076,Running
2025-11-09 00:46:54.816023,1,48.08265272903165,66.77665049193635,118.17699948438417,387.277320023369,Running
2025-11-09 00:47:04.816025,16,25.16911545254141,47.93015318023883,247.93916017321712,87.72960634522627,Running
2025-11-09 00:47:14.816027,7,25.799079911659042,86.11210891796759,242.83373962931418,286.1487618644743,Crashed
2025-11-09 00:47:24.816029,5,27.818522453885713,86.84102775786232,235.86727046993224,744.1798491331103,Crashed
2025-11-09 00:47:34.816032,3,83.03297239853171,67.51827961283686,197.0414558080801,291.87795649846294,Running
2025-11-09 00:47:44.816034,12,88.30146486917847,77.00536355649689,91.93613326293814,745.4756684360104,Idle
2025-11-09 00:47:54.816036,16,29.210808638430034,66.73547915286949,105.97207791437904,501.85954491376623,Running
2025-11-09 00:48:04.816038,19,37.692952594631095,59.063906854442436,139.6559307111365,797.883275756986,Running
2025-11-09 00:48:14.816041,5,32.41403827754673,69.64920709795504,208.48094181918577,538.5626211247529,Running
2025-11-09 00:48:24.816043,14,33.97406596205905,63.180087155517505,21.8346439669756,75.21798960502885,Running
2025-11-09 00:48:34.816045,5,82.81180917518691,65.8485517579158,108.95273704179759,624.1071764150258,Running
2025-11-09 00:48:44.816047,15,44.91098094912042,77.02995320513172,25.24132754752083,88.12553282003336,Crashed
2025-11-09 00:48:54.816049,17,43.358319803423086,58.854229886939095,131.09110871051035,433.0074661356639,Running
2025-11-09 00:49:04.816052,14,37.05467156578345,32.445246365548364,225.23070188152766,840.0126903021469,Idle
2025-11-09 00:49:14.816054,20,65.5920795345694,39.83996885936983,196.70880651816478,190.42334843717265,Running
2025-11-09 00:49:24.816056,5,48.44792737891616,56.3164329893723,60.821392298061944,381.3915000003125,Idle
2025-11-09 00:49:34.816058,12,75.81872388824667,73.4895935924435,244.11775815170415,670.3812625212066,Running
2025-11-09 00:49:44.816060,16,35.41848562817281,65.59671889861073,168.50084752137496,799.9197726806204,Running
2025-11-09 00:49:54.816062,16,79.08424165358693,69.01765115240724,7.5547863523637515,620.3015540311317,Running
2025-11-09 00:50:04.816065,7,65.27911487976041,58.75673571457724,67.57630374787878,269.44726606249384,Idle
2025-11-09 00:50:14.816067,4,28.570047504176582,66.94452131653458,68.87475848037955,623.4166749787837,Running
2025-11-09 00:50:24.816069,1,51.08784381527208,49.74104626887973,21.967305040035683,302.2184949384765,Idle
2025-11-09 00:50:34.816071,5,84.76386054597177,58.210955561799906,240.1574969286026,660.664845345925,Running
2025-11-09 00:50:44.816074,10,89.22201738488637,74.65674393569734,122.17254717110131,860.9281584472844,Running
2025-11-09 00:50:54.816076,5,54.92750917391099,82.30996673838726,224.47457635611107,663.1844334403451,Idle
2025-11-09 00:51:04.816078,4,56.062773356680516,56.01932003738334,83.94279834393394,783.4484274755505,Running
2025-11-09 00:51:14.816080,2,88.88410437044759,32.61969946244167,35.68222475604264,51.7882666995009,Running
2025-11-09 00:51:24.816082,20,64.03011681024253,39.70035264880816,121.21234692702241,659.9363060218552,Running
2025-11-09 00:51:34.816084,10,22.463500268257874,31.251668357492285,32.91937550500771,755.1494233354628,Idle
2025-11-09 00:51:44.816087,19,88.45620971593466,69.1957811542398,124.07379822949729,84.47492691297921,Running
2025-11-09 00:51:54.816089,1,38.61698320678639,49.93887752130654,230.4728093987549,790.858068194996,Idle
2025-11-09 00:52:04.816091,5,63.32239655686604,62.54871814316205,132.58819474938213,268.19009406353894,Running
2025-11-09 00:52:14.816093,13,32.41349880709804,59.59661080702797,156.04243308929546,615.4982866813469,Crashed
2025-11-09 00:52:24.816095,4,22.540937018494624,34.8915893731456,43.37641705858304,730.3016471698957,Crashed
2025-11-09 00:52:34.816098,16,43.36048783495681,54.19568166742991,15.715228340592525,613.2648361004522,Running
2025-11-09 00:52:44.816100,16,78.53717806595657,43.2336674953394,32.14795073405273,128.44207326226865,Running
2025-11-09 00:52:54.816102,2,40.819037947206354,55.10398732005916,151.64023604266959,556.8732910313131,Running
2025-11-09 00:53:04.816104,17,36.50729105608228,42.21469682053456,28.27786625311464,517.1461082138221,Running
2025-11-09 00:53:14.816106,20,35.95105882559197,80.42714437661601,97.1182580356213,815.2730778631308,Running
2025-11-09 00:53:24.816109,12,58.63802618051095,40.45160019469522,139.77252541224823,393.6037701975778,Running
2025-11-09 00:53:34.816111,18,93.16559867620671,87.64683308921862,100.21993566431252,322.9189325239926,Running
2025-11-09 00:53:44.816113,3,54.42417410127598,54.95444196881645,45.10253135899886,687.3731497709963,Running
2025-11-09 00:53:54.816115,1,61.79790266675359,80.77471752114296,72.0788703409561,400.7740271708871,Running
2025-11-09 00:54:04.816117,1,84.54740134180504,67.72588909235671,232.43779554790137,599.1817487543035,Running
2025-11-09 00:54:14.816120,19,60.13022892002439,74.12101791994516,170.61565751865706,599.4825766059159,Crashed
2025-11-09 00:54:24.816122,11,33.83471535641421,76.06343328400682,126.5317204765722,804.8332047061001,Running
2025-11-09 00:54:34.816124,5,42.46969338248578,60.29069291358107,8.115148046788912,558.8885419712328,Running
2025-11-09 00:54:44.816126,12,43.245269470145814,62.5980314017973,248.1417731199202,476.83056846768886,Running
2025-11-09 00:54:54.816129,3,49.79885865931984,60.839752068523495,169.50645904918758,168.04062743703946,Idle
2025-11-09 00:55:04.816131,1,52.0091679002562,65.28350268540476,82.64600694951152,148.37696567689954,Idle
2025-11-09 00:55:14.816133,1,79.98365165557021,31.763666745390438,220.42082169947037,181.17333049061747,Idle
2025-11-09 00:55:24.816135,8,46.20402492869998,53.73091019094092,68.31574697149543,196.07120912803035,Crashed
2025-11-09 00:55:34.816137,10,55.11738713310345,66.37132281367029,138.28406189977414,592.1955287640889,Running
2025-11-09 00:55:44.816139,11,66.87319902882892,65.86341391535186,160.83733711380714,679.8340627333918,Idle
2025-11-09 00:55:54.816141,12,48.32944605801269,77.57736567633789,59.16052600616347,500.4927944874559,Running
2025-11-09 00:56:04.816143,13,82.74236099692496,69.30056032992651,244.70733330614598,754.6650726636674,Running
2025-11-09 00:56:14.816146,12,64.05902031755558,89.52799898044034,188.3070169648544,892.5737427235882,Crashed
2025-11-09 00:56:24.816148,14,42.053350941572866,47.0312717165187,141.66424025021215,747.0107347514526,Running
2025-11-09 00:56:34.816150,2,73.55443998423712,51.54906177997389,49.245676552948716,640.6500176245653,Running
2025-11-09 00:56:44.816152,19,59.57357976085894,53.03082911206778,18.1952607145164,502.6187945215746,Running
2025-11-09 00:56:54.816154,18,60.08419184429352,57.94876842121491,83.41465896764095,431.525110923502,Running
2025-11-09 00:57:04.816156,3,56.08159612906895,80.15988382687257,189.53089729878369,121.73352346286099,Running
2025-11-09 00:57:14.816158,17,57.27589616159367,44.14752563755259,70.98616808399615,389.4634361354873,Running
2025-11-09 00:57:24.816161,8,77.40172107996804,76.56001242212577,137.19127402139875,823.6144412648141,Running
2025-11-09 00:57:34.816166,10,27.723610949848663,54.3186109851446,183.34705829903208,736.81923542057,Running
2025-11-09 00:57:44.816169,2,45.077210848286164,66.11132301972052,31.446210088383765,233.6436602599341,Idle
2025-11-09 00:57:54.816171,19,25.662752285291692,67.95243199357836,172.89801394838898,446.6166169926335,Running
2025-11-09 00:58:04.816173,9,76.49346655605882,52.37091823133606,27.508367488960953,744.2147221747629,Running
2025-11-09 00:58:14.816175,7,40.42263910402246,60.756912312348305,241.45678682111415,107.27687156769414,Idle
2025-11-09 00:58:24.816178,4,87.30728073641632,54.78187047886182,124.6565618659102,379.2836978183604,Idle
2025-11-09 00:58:34.816180,18,59.49338499944703,34.147967171197166,41.91564638891996,774.0650513428554,Running
2025-11-09 00:58:44.816182,13,80.05623286145908,56.229923329009594,88.88399082821888,393.3131845446052,Running
2025-11-09 00:58:54.816183,11,93.4198576711971,35.84360355321313,106.28703007733905,115.97244802172473,Idle
2025-11-09 00:59:04.816185,4,82.98416445924279,54.301247944819295,190.75532771375165,511.15421325241374,Idle
2025-11-09 00:59:14.816188,4,85.02453200086427,65.57510398990692,187.1388275887693,782.481120680551,Running
2025-11-09 00:59:24.816190,10,50.59883715236335,64.76489396061004,154.9254238076461,551.7427115101857,Running
2025-11-09 00:59:34.816192,5,61.37919464445048,69.75727674049922,30.953024576830774,242.33724198209703,Running
2025-11-09 00:59:44.816194,9,39.041642303247826,35.715690477277576,42.134496038980025,376.6036771167741,Running
2025-11-09 00:59:54.816196,3,34.70848247700896,69.12739473182627,27.970445558161373,432.6048570046424,Running
2025-11-09 01:00:04.816199,17,57.913090932952535,48.728883401786824,146.40733190544975,542.3764007474479,Running
2025-11-09 01:00:14.816201,3,64.62867347753155,53.942756768226666,219.89891817029397,695.4483718897211,Running
2025-11-09 01:00:24.816203,16,45.44534344221432,81.47917523536235,111.28112550241909,134.04257499454008,Running
2025-11-09 01:00:34.816205,4,62.708263832262524,30.541824247773015,44.40780261964782,806.2042280649314,Running
2025-11-09 01:00:44.816207,18,86.55953618851272,65.30475800043632,141.72036966149693,60.463247563664254,Idle
2025-11-09 01:00:54.816210,17,61.754118858752456,65.92283880600645,203.87929313209892,364.54448447311694,Running
2025-11-09 01:01:04.816212,7,74.060982223288,53.79958658061372,186.71945507066786,73.307263476759,Running
2025-11-09 01:01:14.816214,5,80.39862255184289,44.22167142650017,220.95544102038025,384.02809154349757,Idle
2025-11-09 01:01:24.816216,12,94.1546586466582,44.08044229569306,73.08601382597261,496.9407090423252,Running
2025-11-09 01:01:34.816219,17,65.23980516327347,83.02258017964516,52.51869748060484,484.92917859428496,Running
2025-11-09 01:01:44.816221,13,80.51376117219395,56.52146242697145,220.55503905577498,190.78409497402555,Running
2025-11-09 01:01:54.816223,3,92.1986988916156,49.853361779350315,166.10227663061565,598.8794335812704,Running
2025-11-09 01:02:04.816225,9,90.8307294182955,56.92665442988418,81.17758785185077,88.061682928968,Idle
2025-11-09 01:02:14.816227,17,30.58113865832852,70.16342408756168,186.87527239026474,697.6207971125531,Running
2025-11-09 01:02:24.816230,17,50.479423120514156,38.7453940946851,204.70400419769013,854.6477688945143,Running
2025-11-09 01:02:34.816232,20,44.29925458300997,56.966030112824264,155.66966888357743,338.8035030784502,Running
2025-11-09 01:02:44.816234,16,26.5193761212762,65.27306226662321,173.5316069205792,489.65347445718214,Running
2025-11-09 01:02:54.816236,13,67.49305811832204,86.91500129108603,96.93867658845325,372.0737363499922,Idle
2025-11-09 01:03:04.816238,19,75.19284598970017,45.15166692452516,136.98043849904457,55.70383175845096,Running
2025-11-09 01:03:14.816253,17,83.60960716001625,51.55504487497473,133.41899682790975,377.99332746084855,Running
2025-11-09 01:03:24.816256,4,29.208266724703137,52.76151539534543,212.7717088270391,722.9622203721445,Running
2025-11-09 01:03:34.816258,12,85.73330569064704,66.33228945869297,210.79117516913473,556.5905158559596,Running
2025-11-09 01:03:44.816260,9,68.21941727106899,51.4039231824001,209.00671499002559,136.0709274228851,Running
2025-11-09 01:03:54.816262,19,72.79596013538821,62.01071551798174,7.70274549430412,770.0685662397173,Running
2025-11-09 01:04:04.816264,12,88.29680026552279,76.90741979070177,188.63864369487763,501.4225431524564,Running
2025-11-09 01:04:14.816267,9,66.85709532824383,72.32313564673221,190.8757155771962,765.4648574829747,Running
2025-11-09 01:04:24.816269,7,45.18993928623763,56.782118790755135,171.20281159950974,543.188290967275,Running
2025-11-09 01:04:34.816271,14,81.88304985669949,81.85297066045013,190.2848411834059,525.7351781122488,Running
2025-11-09 01:04:44.816273,20,47.22944091463179,63.48841497563177,211.28274101669365,139.47030741746053,Running
2025-11-09 01:04:54.816276,19,22.567108311539684,62.39435037013275,120.22816825493749,192.25577316783375,Idle
2025-11-09 01:05:04.816278,15,82.29908799239374,32.05126595634949,128.00230230466957,876.2214680221024,Running
2025-11-09 01:05:14.816280,16,45.88941086609567,89.20157882142969,35.55494394329067,244.21373474155516,Running
2025-11-09 01:05:24.816282,5,78.03758924010052,37.3782485117776,99.41709134660364,880.8343002918127,Running
2025-11-09 01:05:34.816285,3,47.20684209994591,43.867854745658796,162.62446907838716,502.12580054562386,Running
2025-11-09 01:05:44.816287,12,84.58010149810411,33.101810234491616,196.19794515608226,165.42069000434657,Running
2025-11-09 01:05:54.816289,20,36.4632893810719,68.40017801021483,58.21622893434658,134.406872340639,Running
2025-11-09 01:06:04.816291,4,93.09104488991524,43.4820706183608,38.76661029401267,227.53446009987897,Running
2025-11-09 01:06:14.816293,16,78.4819081091023,40.80062624836341,167.4452911026206,836.7917305215354,Running
2025-11-09 01:06:24.816295,7,28.567844444029763,35.31333505339448,5.460571463603107,402.02769067899277,Idle
2025-11-09 01:06:34.816298,13,62.433246497492036,36.19853742744094,48.701283155295805,386.1191277939772,Idle
2025-11-09 01:06:44.816300,10,93.9025484181301,65.08024202655533,12.122488184268665,316.2253219096479,Running
2025-11-09 01:06:54.816302,7,55.32990895203608,71.29247195199574,45.886853874443375,175.0025729816001,Running
2025-11-09 01:07:04.816304,14,33.65803541161874,53.842739307864065,49.42322358174878,464.67351761354547,Running
2025-11-09 01:07:14.816306,5,56.35837753627596,58.793824895524395,99.98003071384657,160.54061513446788,Running
2025-11-09 01:07:24.816309,3,58.43432419114412,71.15806415897904,103.57014554820621,760.1582009249785,Crashed
2025-11-09 01:07:34.816311,11,75.62652081714992,31.042787411128778,219.19430529950824,364.8374383340105,Running
2025-11-09 01:07:44.816313,11,72.41343898706783,49.387839424216715,129.97687956221216,368.5830326145269,Running
2025-11-09 01:07:54.816315,18,50.19125326977354,88.38586488422078,182.23416757501013,452.9054642106825,Running
